Health facility name,Health facility type,Health facility owner,Region,Star Rating
Bugelenga,Dispensary,Not Specified,Geita,1
St Pio,Dispensary,Not Specified,Geita,1
Mabamba,Health Centre,Not Specified,Kigoma,2
Kifura,Health Centre,Not Specified,Kigoma,1
Matyazo,Health Centre,Not Specified,Kigoma,1
Bitale,Health Centre,Not Specified,Kigoma,1
Mgambo Health Centre,Health Centre,Not Specified,Kigoma,1
Nguruka Health Centre,Health Centre,Not Specified,Kigoma,1
Mwamgongo,Health Centre,Not Specified,Kigoma,1
Kasaka,Health Centre,Not Specified,Kigoma,0
Malagarasi Dispensary,Dispensary,Not Specified,Kigoma,0
Kashuguru Dispensary,Dispensary,Not Specified,Kigoma,0
Kalenge Dispensary,Dispensary,Not Specified,Kigoma,0
Mwakizega Dispensary,Dispensary,Not Specified,Kigoma,0
Ilagala Health Centre,Health Centre,Not Specified,Kigoma,0
Uvinza Health Centre,Health Centre,Not Specified,Kigoma,0
Katumbi Dispensary,Dispensary,Not Specified,Kigoma,0
Kalya Dispensary,Dispensary,Not Specified,Kigoma,0
Basanza Dispensary,Dispensary,Not Specified,Kigoma,0
Name Of Disp 3,Dispensary,Not Specified,Kigoma,0
Nyamika,Dispensary,Not Specified,Mara,2
Bisumwa,Dispensary,Not Specified,Mara,2
Kiabakari Giorgio Fransat,Dispensary,Not Specified,Mara,2
Ryamisanga,Dispensary,Not Specified,Mara,2
Wegero,Dispensary,Not Specified,Mara,2
Mwanzaburiga,Dispensary,Not Specified,Mara,2
Kyawazarwe,Dispensary,Not Specified,Mara,1
Buhemba,Dispensary,Not Specified,Mara,1
Rwamkoma Jkt,Dispensary,Not Specified,Mara,1
Ryamgabo,Dispensary,Not Specified,Mara,1
Butuguri,Dispensary,Not Specified,Mara,1
Kiabakari Jwtz,Dispensary,Not Specified,Mara,1
Masurura,Dispensary,Not Specified,Mara,1
Ikizuhealth Centre,Health Centre,Not Specified,Mara,1
Nyasirori,Dispensary,Not Specified,Mara,1
Nyamisisi,Dispensary,Not Specified,Mara,1
Kizaru,Dispensary,Not Specified,Mara,1
Magana,Dispensary,Not Specified,Mara,1
Kasahunga H/c,Health Centre,Not Specified,Mara,1
Nyankanga,Dispensary,Not Specified,Mara,1
Mwibagi,Dispensary,Not Specified,Mara,1
Bunda H/c,Health Centre,Not Specified,Mara,1
Nyabange,Dispensary,Not Specified,Mara,1
Kamugegi,Dispensary,Not Specified,Mara,1
Nyabange,Dispensary,Not Specified,Mara,1
Muriaza,Dispensary,Not Specified,Mara,1
Muriaza Dispensary,Dispensary,Not Specified,Mara,1
Sir0risimba,Dispensary,Not Specified,Mara,1
Kamgendi,Dispensary,Not Specified,Mara,0
Rwamkoma,Dispensary,Not Specified,Mara,0
Mirwa,Dispensary,Not Specified,Mara,0
Kasuguti,Health Centre,Not Specified,Mara,0
Baranga,Dispensary,Not Specified,Mara,0
Kisorya,Health Centre,Not Specified,Mara,0
Mugeta,Health Centre,Not Specified,Mara,0
Nyatwali H/c,Health Centre,Not Specified,Mara,0
Busegwe,Dispensary,Not Specified,Mara,0
Busegwe Sda,Dispensary,Not Specified,Mara,0
Kitalamanka,Dispensary,Not Specified,Mara,0
Kiabakari Magereza,Dispensary,Not Specified,Mara,0
Fumagila,Dispensary,Not Specified,Mwanza,2
Tmrc-urafiki,Health Centre,Not Specified,Mwanza,1
Kaseni,Dispensary,Not Specified,Mwanza,1
Murutilima,Dispensary,Not Specified,Mwanza,1
Gereza Butimba,Dispensary,Not Specified,Mwanza,1
Huduma Dispensary,Dispensary,Not Specified,Mwanza,1
Bukondo,Dispensary,Not Specified,Mwanza,0
Mahembe Dispensary,Dispensary,Not Specified,Simiyu,1
Mwamapalala Dispensary,Dispensary,Not Specified,Simiyu,1
Lugulu Dispensary,Dispensary,Not Specified,Simiyu,1
Zanzui Dispensary,Dispensary,Not Specified,Simiyu,1
Isanga Dispensaryensary,Dispensary,Not Specified,Simiyu,1
Majahida Aict Dispensaryensary,Dispensary,Not Specified,Simiyu,1
Muhoja Kmt Dispensaryensary,Dispensary,Not Specified,Simiyu,1
Mwakibuga Dispensaryensary,Dispensary,Not Specified,Simiyu,1
Nyangokolwa Dispensaryensary,Dispensary,Not Specified,Simiyu,1
Nyaumata Dispensaryensary,Dispensary,Not Specified,Simiyu,1
Old Maswa Dispensaryensary,Dispensary,Not Specified,Simiyu,1
Ngulyati Health Centre,Health Centre,Not Specified,Simiyu,1
Bariadi Town Council  ,Hospital,Not Specified,Simiyu,1
Maswa,Hospital,Not Specified,Simiyu,1
Songambele Rc,Health Centre,Not Specified,Simiyu,1
Nkololo Dispensary,Dispensary,Not Specified,Simiyu,1
Masewa,Dispensary,Not Specified,Simiyu,1
Igegu,Dispensary,Not Specified,Simiyu,1
 Matongo Dispensary,Dispensary,Not Specified,Simiyu,1
Kasoli,Dispensary,Not Specified,Simiyu,1
Dutwa Dispensaryensary,Dispensary,Not Specified,Simiyu,1
Banemhi,Dispensary,Not Specified,Simiyu,1
Mwasinasi Dispensary,Dispensary,Not Specified,Simiyu,1
Mwasubuya Dispensaryensary,Dispensary,Not Specified,Simiyu,1
Sakwe Dispensaryensary,Dispensary,Not Specified,Simiyu,1
Mwamlapa Dispensaryensary,Dispensary,Not Specified,Simiyu,1
Mwanangi,Dispensary,Not Specified,Simiyu,1
Mwanhale,Dispensary,Not Specified,Simiyu,1
Mwasamba,Dispensary,Not Specified,Simiyu,1
Malili,Dispensary,Not Specified,Simiyu,1
Mungu Kwanza,Dispensary,Not Specified,Simiyu,1
Kalemera,Dispensary,Not Specified,Simiyu,1
Bulima,Dispensary,Not Specified,Simiyu,1
Nassa,Health Centre,Not Specified,Simiyu,1
Lalago,Health Centre,Not Specified,Simiyu,1
Malampaka,Health Centre,Not Specified,Simiyu,1
Badi,Dispensary,Not Specified,Simiyu,1
Malita,Dispensary,Not Specified,Simiyu,1
Budekwa Dispensary,Dispensary,Not Specified,Simiyu,1
Bugalama Dispensaryensary,Dispensary,Not Specified,Simiyu,1
Masanwa Dispensaryensary,Dispensary,Not Specified,Simiyu,1
Sangamwalugesha,Dispensary,Not Specified,Simiyu,1
Bushashi Dipensary,Dispensary,Not Specified,Simiyu,1
Ipililo Dispensaryensary,Dispensary,Not Specified,Simiyu,1
Mwabulimbu,Dispensary,Not Specified,Simiyu,1
Maswa Sec ,Dispensary,Not Specified,Simiyu,1
Mwabagalu Dispensaryensary,Dispensary,Not Specified,Simiyu,1
Mwashegeshi  Dispensaryensary,Dispensary,Not Specified,Simiyu,1
Wazazi Binza Dispensaryensary,Dispensary,Not Specified,Simiyu,1
Mpindo Dispensaryensary,Dispensary,Not Specified,Simiyu,1
Igunya Dispensaryensary,Dispensary,Not Specified,Simiyu,1
Jija,Dispensary,Not Specified,Simiyu,1
Nyashimba Dispensaryensary,Dispensary,Not Specified,Simiyu,1
Sagati Dispensary,Dispensary,Not Specified,Simiyu,0
Mwaswale Dispensary,Dispensary,Not Specified,Simiyu,0
Nangale Dispensary,Dispensary,Not Specified,Simiyu,0
Migato Dispensary,Dispensary,Not Specified,Simiyu,0
Mwabuki Dispensary,Dispensary,Not Specified,Simiyu,0
Habiya,Dispensary,Not Specified,Simiyu,0
Bumera Dispensary,Dispensary,Not Specified,Simiyu,0
Gaswa Dispensary,Dispensary,Not Specified,Simiyu,0
Mhunze Dispensary,Dispensary,Not Specified,Simiyu,0
Lagangabilili Dispensary,Dispensary,Not Specified,Simiyu,0
Nanga Dispensary,Dispensary,Not Specified,Simiyu,0
Kinamweli Dispensary,Dispensary,Not Specified,Simiyu,0
Sunzula Dispensary,Dispensary,Not Specified,Simiyu,0
Sawida Dispensary,Dispensary,Not Specified,Simiyu,0
Mwanunui Dispensary,Dispensary,Not Specified,Simiyu,0
Bunamala  Mbugani Dispensary,Dispensary,Not Specified,Simiyu,0
Nyamalapa Dispensary,Dispensary,Not Specified,Simiyu,0
Wazazi Dispensary,Dispensary,Not Specified,Simiyu,0
U.W.T Dispensaryensary,Dispensary,Not Specified,Simiyu,0
Kashishi Dispensary,Dispensary,Not Specified,Simiyu,0
Ngeme Dispensary,Dispensary,Not Specified,Simiyu,0
Chinamili Dispensary,Dispensary,Not Specified,Simiyu,0
Nkuyu Dispensaryensary,Dispensary,Not Specified,Simiyu,0
Mitobo Dispensaryensary,Dispensary,Not Specified,Simiyu,0
Longalombogo Dispensaryensary,Dispensary,Not Specified,Simiyu,0
Bunamhala Chuoni Dispensaryensary,Dispensary,Not Specified,Simiyu,0
Bupandagila Sda Dispensary,Dispensary,Not Specified,Simiyu,0
Dr. Maduhu Dispensaryensary,Dispensary,Not Specified,Simiyu,0
Dr. Mwijage Clinic,Dispensary,Not Specified,Simiyu,0
Guduwe Dispensaryensary,Dispensary,Not Specified,Simiyu,0
Kilulu Dispensaryensary,Dispensary,Not Specified,Simiyu,0
Matale Dispensaryensary,Dispensary,Not Specified,Simiyu,0
Mwanaleguma Dispensaryensary,Dispensary,Not Specified,Simiyu,0
Bariadi Magereza,Dispensary,Not Specified,Simiyu,0
Ditima Dispensaryensary,Dispensary,Not Specified,Simiyu,0
Muungano Health Centre,Health Centre,Not Specified,Simiyu,0
Byuna ,Health Centre,Not Specified,Simiyu,0
Gambosi,Dispensary,Not Specified,Simiyu,0
Ihusi Dispensaryensary ,Dispensary,Not Specified,Simiyu,0
Nyawa Dispensaryensary,Dispensary,Not Specified,Simiyu,0
Halawa,Dispensary,Not Specified,Simiyu,0
Ng'arita,Dispensary,Not Specified,Simiyu,0
Ikungulyambesi Dispensaryensary ,Dispensary,Not Specified,Simiyu,0
Gibeshi Dispensaryensary ,Dispensary,Not Specified,Simiyu,0
Lulayu,Dispensary,Not Specified,Simiyu,0
Nyamikoma Dispensary,Dispensary,Not Specified,Simiyu,0
Nyamswa Dispensaryensary,Dispensary,Not Specified,Simiyu,0
Gasuma ,Dispensary,Not Specified,Simiyu,0
Sapiwi ,Dispensary,Not Specified,Simiyu,0
Dutwa Wazazi ,Dispensary,Not Specified,Simiyu,0
Miswaki,Dispensary,Not Specified,Simiyu,0
Ikungulyabashashi,Dispensary,Not Specified,Simiyu,0
Igaganulwa Aict Dispensaryensary,Dispensary,Not Specified,Simiyu,0
Nyaluhande,Dispensary,Not Specified,Simiyu,0
Shigala,Dispensary,Not Specified,Simiyu,0
Ngasamo,Dispensary,Not Specified,Simiyu,0
Kijereshi,Dispensary,Not Specified,Simiyu,0
Gininiga,Dispensary,Not Specified,Simiyu,0
Mwamigongwa,Dispensary,Not Specified,Simiyu,0
Lutubiga,Dispensary,Not Specified,Simiyu,0
Lamadi ,Dispensary,Not Specified,Simiyu,0
Menonite ,Dispensary,Not Specified,Simiyu,0
Lukungu,Dispensary,Not Specified,Simiyu,0
Kiloleli,Dispensary,Not Specified,Simiyu,0
Ijiha,Dispensary,Not Specified,Simiyu,0
Mwamjulila,Dispensary,Not Specified,Simiyu,0
Mwamagigisi,Dispensary,Not Specified,Simiyu,0
Bushigwamala,Dispensary,Not Specified,Simiyu,0
Nyamikoma,Dispensary,Not Specified,Simiyu,0
Badugu,Dispensary,Not Specified,Simiyu,0
Igalukilo,Health Centre,Not Specified,Simiyu,0
Mkula,Hospital,Not Specified,Simiyu,0
Mwasayi,Health Centre,Not Specified,Simiyu,0
Mwagala Dispensaryensary,Dispensary,Not Specified,Simiyu,0
Dodoma,Dispensary,Not Specified,Simiyu,0
Kinamwigulu,Dispensary,Not Specified,Simiyu,0
Sayusayu  Dispensary,Dispensary,Not Specified,Simiyu,0
Ikulilo Dispensaryensary,Dispensary,Not Specified,Simiyu,0
Shinyanga Mwenge Dispensaryensary,Dispensary,Not Specified,Simiyu,0
Mwamitumai Dispensary,Dispensary,Not Specified,Simiyu,0
Isanga Dispensary,Dispensary,Not Specified,Simiyu,0
Dulung'wa Dispensaryensary,Dispensary,Not Specified,Simiyu,0
Kadoto,Dispensary,Not Specified,Simiyu,0
Ilamata,Dispensary,Not Specified,Simiyu,0
Mwabayanda Dispensary,Dispensary,Not Specified,Simiyu,0
Gula Dispensaryensary,Dispensary,Not Specified,Simiyu,0
Sulu,Dispensary,Not Specified,Simiyu,0
Mwabomba,Dispensary,Not Specified,Simiyu,0
Seng'wa Dispensaryensary,Dispensary,Not Specified,Simiyu,0
Senani Dispensaryensary,Dispensary,Not Specified,Simiyu,0
Mwamanenge Dispensaryensary,Dispensary,Not Specified,Simiyu,0
Nguliguli,Dispensary,Not Specified,Simiyu,0
Isageng'he  Dispensary,Dispensary,Not Specified,Simiyu,0
Masela,Dispensary,Not Specified,Simiyu,0
Malya Dispensaryensary,Dispensary,Not Specified,Simiyu,0
Mwang'honoli,Dispensary,Not Specified,Simiyu,0
Shishiyu Dispensaryensary,Dispensary,Not Specified,Simiyu,0
Zebeya Dispensary,Dispensary,Not Specified,Simiyu,0
Bochi,Hospital,Private,Dar es Salaam,3
Mikocheni Mission,Hospital,Private,Dar es Salaam,3
Moyo Safi Wa Maria,Health Centre,Private,Dar es Salaam,3
Tmj,Hospital,Private,Dar es Salaam,2
Masana,Hospital,Private,Dar es Salaam,2
Mbweni Mission,Hospital,Private,Dar es Salaam,2
Salaaman,Hospital,Private,Dar es Salaam,2
Sanitas,Hospital,Private,Dar es Salaam,2
Edward Michaudi,Health Centre,Private,Dar es Salaam,2
Aar Chato,Health Centre,Private,Dar es Salaam,2
Marie Stopes- Kimara,Dispensary,Private,Dar es Salaam,2
Arafa Mwananchi,Dispensary,Private,Dar es Salaam,2
Ben Mico,Dispensary,Private,Dar es Salaam,2
Bj Siso Mmari,Dispensary,Private,Dar es Salaam,2
Kitea,Dispensary,Private,Dar es Salaam,2
Omek,Dispensary,Private,Dar es Salaam,2
Aar Sinza,Dispensary,Private,Dar es Salaam,2
Upendo Ikunda,Dispensary,Private,Dar es Salaam,2
Pk,Dispensary,Private,Dar es Salaam,2
St. Brendan,Dispensary,Private,Dar es Salaam,2
Faraja,Dispensary,Private,Dar es Salaam,2
Aar Tegeta,Dispensary,Private,Dar es Salaam,2
Mafarasi Kigogo,Dispensary,Private,Dar es Salaam,2
Cignat,Dispensary,Private,Dar es Salaam,2
Kinondoni B,Dispensary,Private,Dar es Salaam,2
Kibangu Mission,Hospital,Private,Dar es Salaam,1
Kinondoni,Hospital,Private,Dar es Salaam,1
Sali,Hospital,Private,Dar es Salaam,1
Marie Stopes Mwenge,Hospital,Private,Dar es Salaam,1
Msasani Peninsula,Hospital,Private,Dar es Salaam,1
Mama Privatema,Hospital,Private,Dar es Salaam,1
Mikumi,Hospital,Private,Dar es Salaam,1
Ekenywa,Hospital,Private,Dar es Salaam,1
Imtu,Hospital,Private,Dar es Salaam,1
St. Monica,Hospital,Private,Dar es Salaam,1
Mount Ukombozi,Hospital,Private,Dar es Salaam,1
Neema,Health Centre,Private,Dar es Salaam,1
Luguruni H/c,Health Centre,Private,Dar es Salaam,1
Sisa,Health Centre,Private,Dar es Salaam,1
London,Health Centre,Private,Dar es Salaam,1
Mico Sinza,Health Centre,Private,Dar es Salaam,1
Agha Khan,Health Centre,Private,Dar es Salaam,1
Tms Mbezi,Health Centre,Private,Dar es Salaam,1
Mna Dispensary,Dispensary,Private,Dar es Salaam,1
Salama 1- Baruti,Dispensary,Private,Dar es Salaam,1
Gati Dispensary,Dispensary,Private,Dar es Salaam,1
Kh,Dispensary,Private,Dar es Salaam,1
Arafa Kona,Dispensary,Private,Dar es Salaam,1
Arafa Mbezi,Dispensary,Private,Dar es Salaam,1
Arafa Ubuprivate,Dispensary,Private,Dar es Salaam,1
Huruma Kimara,Dispensary,Private,Dar es Salaam,1
Ics St. Esther,Dispensary,Private,Dar es Salaam,1
Kg Afya Care,Dispensary,Private,Dar es Salaam,1
Kimara Central,Dispensary,Private,Dar es Salaam,1
Kombe,Dispensary,Private,Dar es Salaam,1
Marie Stopes - Mabibo,Dispensary,Private,Dar es Salaam,1
Mico Darajani,Dispensary,Private,Dar es Salaam,1
Nurrhaifo Mawimbi,Dispensary,Private,Dar es Salaam,1
Mafarasi Muleba,Dispensary,Private,Dar es Salaam,1
Azania,Dispensary,Private,Dar es Salaam,1
Taifo Mwembechai,Dispensary,Private,Dar es Salaam,1
Kodepa Charitable Tandale,Dispensary,Private,Dar es Salaam,1
Eureka,Dispensary,Private,Dar es Salaam,1
Amen,Dispensary,Private,Dar es Salaam,1
Tip Top,Dispensary,Private,Dar es Salaam,1
Kigogo Moravian,Dispensary,Private,Dar es Salaam,1
Dr. Hiza,Dispensary,Private,Dar es Salaam,1
Arafa Huruma,Dispensary,Private,Dar es Salaam,1
New Tegeta,Dispensary,Private,Dar es Salaam,1
Tumaini Group,Dispensary,Private,Dar es Salaam,1
Antonio Verna,Dispensary,Private,Dar es Salaam,1
Red Cross Humanitarian,Dispensary,Private,Dar es Salaam,1
Arafa Vigae,Dispensary,Private,Dar es Salaam,1
Mauto,Dispensary,Private,Dar es Salaam,1
Msisiri,Dispensary,Private,Dar es Salaam,1
New Msasani,Dispensary,Private,Dar es Salaam,1
Samaritan,Dispensary,Private,Dar es Salaam,1
Mashuda,Dispensary,Private,Dar es Salaam,1
Vijana Hostel,Dispensary,Private,Dar es Salaam,1
Euro,Dispensary,Private,Dar es Salaam,1
Kam,Dispensary,Private,Dar es Salaam,1
Mmr,Dispensary,Private,Dar es Salaam,1
Fm Cqpu,Dispensary,Private,Dar es Salaam,1
Bonde La Mpunga,Dispensary,Private,Dar es Salaam,1
Ultimate Security,Dispensary,Private,Dar es Salaam,1
Mcdit-dispensary Baruti,Dispensary,Private,Dar es Salaam,1
Mico Aat,Dispensary,Private,Dar es Salaam,1
Mico Kimara Dispensary,Dispensary,Private,Dar es Salaam,1
Nuraifo Dispensary,Dispensary,Private,Dar es Salaam,1
Mikuru Health Care,Dispensary,Private,Dar es Salaam,1
Kipasika,Dispensary,Private,Dar es Salaam,1
Life Sign,Dispensary,Private,Dar es Salaam,1
Kinae,Dispensary,Private,Dar es Salaam,1
Baraka Mbezi,Dispensary,Private,Dar es Salaam,1
Kunduchi Beach Health Service Ltd,Dispensary,Private,Dar es Salaam,1
Taifo Mbezi,Dispensary,Private,Dar es Salaam,1
Wema,Dispensary,Private,Dar es Salaam,1
Prime Care Makabe,Dispensary,Private,Dar es Salaam,1
Father Triest,Dispensary,Private,Dar es Salaam,1
Arafat Basna,Dispensary,Private,Dar es Salaam,1
Nsilo,Dispensary,Private,Dar es Salaam,1
Kelei,Dispensary,Private,Dar es Salaam,1
Arafa Uzuri,Dispensary,Private,Dar es Salaam,1
Tm,Dispensary,Private,Dar es Salaam,1
Megra,Dispensary,Private,Dar es Salaam,1
Mico Ndugumbi,Dispensary,Private,Dar es Salaam,1
Tag Mabibo,Dispensary,Private,Dar es Salaam,1
Tayma Tandale,Dispensary,Private,Dar es Salaam,1
Mico Midizini,Dispensary,Private,Dar es Salaam,1
Kwezi,Dispensary,Private,Dar es Salaam,1
Arafa Charitable,Dispensary,Private,Dar es Salaam,1
Taifo Niki,Dispensary,Private,Dar es Salaam,1
Mico Salasala,Dispensary,Private,Dar es Salaam,1
Tegeta Mission,Dispensary,Private,Dar es Salaam,1
Aif Huduma,Dispensary,Private,Dar es Salaam,1
Dr. Mhina,Dispensary,Private,Dar es Salaam,1
Keto,Dispensary,Private,Dar es Salaam,1
St. Theresa,Dispensary,Private,Dar es Salaam,1
Aar Wazo,Dispensary,Private,Dar es Salaam,1
Taifo Tegeta,Dispensary,Private,Dar es Salaam,1
Kaja,Dispensary,Private,Dar es Salaam,1
Kisiwani,Dispensary,Private,Dar es Salaam,1
Mico Mars,Dispensary,Private,Dar es Salaam,1
Mico Annex,Dispensary,Private,Dar es Salaam,1
Mico Mkwajuni,Dispensary,Private,Dar es Salaam,1
St. Benedict,Dispensary,Private,Dar es Salaam,1
Family Care,Dispensary,Private,Dar es Salaam,1
Furaha,Dispensary,Private,Dar es Salaam,1
Sundarya,Dispensary,Private,Dar es Salaam,1
St. Clara Haule,Dispensary,Private,Dar es Salaam,1
Sino,Hospital,Private,Dar es Salaam,0
Istiqama,Health Centre,Private,Dar es Salaam,0
Marise Dispensary,Dispensary,Private,Dar es Salaam,0
Mico Mabibo Farasi,Dispensary,Private,Dar es Salaam,0
Afya Care Sinza,Dispensary,Private,Dar es Salaam,0
Mico Tandale,Dispensary,Private,Dar es Salaam,0
Sun,Dispensary,Private,Dar es Salaam,0
Honest,Dispensary,Private,Dar es Salaam,0
Meigy,Dispensary,Private,Dar es Salaam,0
Nuraifo,Dispensary,Private,Dar es Salaam,0
Pangasenga,Dispensary,Private,Dar es Salaam,0
Taifo Disp,Dispensary,Private,Dar es Salaam,0
Afya Care Manzese,Dispensary,Private,Dar es Salaam,0
Tks,Dispensary,Private,Dar es Salaam,0
K&b Mivumoni,Dispensary,Private,Dar es Salaam,0
Arafa Boko,Dispensary,Private,Dar es Salaam,0
Kodepa,Dispensary,Private,Dar es Salaam,0
Geita Gold Mine,Health Centre,Private,Geita,2
Upendo Health Center,Health Centre,Private,Geita,2
Waja,Hospital,Private,Geita,1
Sakamu,Dispensary,Private,Geita,1
Kasamwa Sda,Dispensary,Private,Geita,1
Iponya,Dispensary,Private,Geita,1
Bwelwa Dispensary,Dispensary,Private,Geita,1
Ihega Aict,Dispensary,Private,Geita,1
Kabuhima Mennonite,Dispensary,Private,Geita,1
Samartan,Health Centre,Private,Geita,1
Lisabon,Dispensary,Private,Geita,1
Wazazi Nkomo,Dispensary,Private,Geita,1
St Peter Dispensary,Dispensary,Private,Geita,1
Lubeho Dispensary,Dispensary,Private,Geita,1
Wazazi Lugunga Dispensary,Dispensary,Private,Geita,1
Mkulima Dispensery,Dispensary,Private,Geita,1
Bakwata Shamsia Buseresere,Dispensary,Private,Geita,1
Boko Tcmc Dispensary,Dispensary,Private,Geita,0
Wazazi Isebya,Dispensary,Private,Geita,0
Nyasembe,Dispensary,Private,Geita,0
Nyumbani,Dispensary,Private,Geita,0
Msonga Wazazi,Dispensary,Private,Geita,0
Nyabugera,Dispensary,Private,Geita,0
Aic Kabiga Disp,Dispensary,Private,Geita,0
Bakwata Huruma,Dispensary,Private,Geita,0
Kmt Muganza,Dispensary,Private,Geita,0
Kharumwa Jumuiya Ya Wazazi,Dispensary,Private,Geita,0
Muungano Health Centre,Health Centre,Private,Geita,0
Sisi Kwa Sisi,Dispensary,Private,Geita,0
Wazazi Dillu,Dispensary,Private,Geita,0
Tumaini Disp,Dispensary,Private,Geita,0
Kmt Buziku,Dispensary,Private,Geita,0
Iparamasa,Dispensary,Private,Geita,0
Msufini,Dispensary,Private,Geita,0
Vatican,Dispensary,Private,Geita,0
Bakwata  Muganza,Dispensary,Private,Geita,0
Upendo,Dispensary,Private,Geita,0
Bahimba Disp,Dispensary,Private,Geita,0
St. Joseph,Dispensary,Private,Geita,0
Wazazi Lulembela Dispensary,Dispensary,Private,Geita,0
Nduta Refugee Camp,Dispensary,Private,Kigoma,3
Shunga Health Centre,Health Centre,Private,Kigoma,2
Msambara Disp,Dispensary,Private,Kigoma,2
Heri Hospital,Hospital,Private,Kigoma,2
Muhinda,Dispensary,Private,Kigoma,2
Gombe Dispensary,Dispensary,Private,Kigoma,2
Kakonko Dispensary,Dispensary,Private,Kigoma,2
Kigoma Baptist,Hospital,Private,Kigoma,1
Nyarugusu Refugees Health Centre,Health Centre,Private,Kigoma,1
Upendo Founation,Health Centre,Private,Kigoma,1
Kasumo,Dispensary,Private,Kigoma,1
Upendo Dispensary,Dispensary,Private,Kigoma,1
Buhigwe,Dispensary,Private,Kigoma,1
Mulera,Health Centre,Private,Kigoma,1
Huruma Modern Dispensary,Dispensary,Private,Kigoma,1
Keza,Dispensary,Private,Kigoma,1
Bigabiro Dispensary,Dispensary,Private,Kigoma,1
Biharu,Health Centre,Private,Kigoma,1
Nyakimwe,Dispensary,Private,Kigoma,1
Sda Dispensary,Dispensary,Private,Kigoma,1
Kasulwa,Dispensary,Private,Kigoma,1
Kiganza  Mission,Dispensary,Private,Kigoma,1
Mubanga,Dispensary,Private,Kigoma,1
Tumaini Dispensary,Dispensary,Private,Kigoma,1
Furaha Dispensary,Dispensary,Private,Kigoma,1
Heru Ushingo Dispensary,Dispensary,Private,Kigoma,0
Ndaboine Dispensary,Dispensary,Private,Kigoma,0
Sda,Dispensary,Private,Kigoma,0
Musagara,Dispensary,Private,Kigoma,0
Muzdalifah,Dispensary,Private,Kigoma,0
Upendo Dispensary,Dispensary,Private,Kigoma,0
Kigoma International,Health Centre,Private,Kigoma,0
Kalinzi Dispensary,Dispensary,Private,Kigoma,0
Faraja,Dispensary,Private,Kigoma,0
Mahale Dispensary,Dispensary,Private,Kigoma,0
Muzdalifa Dispensary,Dispensary,Private,Kigoma,0
Tgf,Health Centre,Private,Mara,3
Kowak Hospital,Hospital,Private,Mara,3
Masangahealth Centre,Health Centre,Private,Mara,3
Will's Memorial,Health Centre,Private,Mara,2
Rao Hospital,Hospital,Private,Mara,2
Shirati Hospital,Hospital,Private,Mara,2
Huduma Dispensary,Dispensary,Private,Mara,2
Bunda Ddh,Hospital,Private,Mara,2
Name Of Dispensarybikira Maria,Dispensary,Private,Mara,2
Grumeti,Dispensary,Private,Mara,2
St. Mary's Hospital Kibara,Hospital,Private,Mara,2
Ngasaro Dispensary,Dispensary,Private,Mara,2
Sachita,Health Centre,Private,Mara,2
Marie Stopes Dispensary,Dispensary,Private,Mara,2
Kada Mugumu,Dispensary,Private,Mara,2
Nyereree (mugumu)ddh,Hospital,Private,Mara,1
Sda,Dispensary,Private,Mara,1
Rosana,Dispensary,Private,Mara,1
Baraki H/c,Health Centre,Private,Mara,1
Nyarero,Health Centre,Private,Mara,1
Mosongo,Dispensary,Private,Mara,1
Kibumaye,Dispensary,Private,Mara,1
Omegahealth Centre,Health Centre,Private,Mara,1
Tarime Goodwill Dispensary,Dispensary,Private,Mara,1
Aict Nyasho Dispensary,Dispensary,Private,Mara,1
Aict Bweri,Dispensary,Private,Mara,1
Nyarombo H/c,Health Centre,Private,Mara,1
Bethsaida H/c,Health Centre,Private,Mara,1
Name Of Dispensary Makonzo,Dispensary,Private,Mara,1
Kamunyonge Sda,Dispensary,Private,Mara,1
Bwasi,Dispensary,Private,Mara,1
St.Valentine Dispensary,Dispensary,Private,Mara,1
Coptic Medical Center,Health Centre,Private,Mara,1
Nyasoro Dispensary,Dispensary,Private,Mara,1
Alpha Prinimat,Dispensary,Private,Mara,1
Manga Dispensary,Dispensary,Private,Mara,1
Masonga H/c,Health Centre,Private,Mara,1
Keisangora,Dispensary,Private,Mara,1
Kada,Dispensary,Private,Mara,1
Gisarya,Dispensary,Private,Mara,1
Isseco,Dispensary,Private,Mara,1
Rwanga Kmt,Dispensary,Private,Mara,0
Burito,Dispensary,Private,Mara,0
Burere Dispensary,Dispensary,Private,Mara,0
Jema Rch Dispensary,Dispensary,Private,Mara,0
Kothora Dispensary,Dispensary,Private,Mara,0
Urafiki,Dispensary,Private,Mara,0
Nyamasanda,Dispensary,Private,Mara,0
Cada,Dispensary,Private,Mara,0
Ihsa - Kitenga,Dispensary,Private,Mara,0
S0ta Dispensary,Dispensary,Private,Mara,0
Sayuni Dispensary,Dispensary,Private,Mara,0
Nyakato Red Cross Dispensary,Dispensary,Private,Mara,0
Ntagacha,Health Centre,Private,Mara,0
Agakhan,Health Centre,Private,Mwanza,2
Bukumbi,Hospital,Private,Mwanza,2
Nyakato,Health Centre,Private,Mwanza,2
Kiloleli Juu,Health Centre,Private,Mwanza,2
Nyakahoja,Dispensary,Private,Mwanza,2
Saut Nyegezi Disp,Dispensary,Private,Mwanza,2
Pasiansi Sda,Health Centre,Private,Mwanza,2
Mwananchi Hospital,Hospital,Private,Mwanza,2
Umati,Dispensary,Private,Mwanza,2
Kakobe Health Centre,Health Centre,Private,Mwanza,2
Shree Hindumandal Hosp,Hospital,Private,Mwanza,2
Aar Mwanza Dispensary,Dispensary,Private,Mwanza,2
Itabagumba Aict Dispensary,Dispensary,Private,Mwanza,2
Huduma,Health Centre,Private,Mwanza,1
Usimau,Dispensary,Private,Mwanza,1
Kahunda,Dispensary,Private,Mwanza,1
Cf Hospital,Hospital,Private,Mwanza,1
Sumve Hospital,Hospital,Private,Mwanza,1
Sengerema Ddh,Hospital,Private,Mwanza,1
Marie Stopes Dispensary,Dispensary,Private,Mwanza,1
Juwa,Dispensary,Private,Mwanza,1
Tanzania Breweries Limited,Dispensary,Private,Mwanza,1
Mwanza Hospital,Hospital,Private,Mwanza,1
Biohealth Dispensary,Dispensary,Private,Mwanza,1
Kmt Sengerema Disp,Dispensary,Private,Mwanza,1
Kazilankanda,Dispensary,Private,Mwanza,1
Kamanga Hospital,Hospital,Private,Mwanza,1
Kijima Aict Dispensary,Dispensary,Private,Mwanza,1
Gisan Hc,Health Centre,Private,Mwanza,1
Prinmat Arma,Dispensary,Private,Mwanza,1
Upendo,Dispensary,Private,Mwanza,1
Genesis,Dispensary,Private,Mwanza,1
Aict Makongoro Health Centre,Health Centre,Private,Mwanza,1
Hurumia Watoto,Health Centre,Private,Mwanza,1
Huruma Dispensary,Dispensary,Private,Mwanza,1
Bio Health Centre,Health Centre,Private,Mwanza,1
Nazareth,Dispensary,Private,Mwanza,1
Buhingo Dispensary,Dispensary,Private,Mwanza,1
Salamaan,Health Centre,Private,Mwanza,1
Joseph Medicare,Dispensary,Private,Mwanza,1
Magera,Health Centre,Private,Mwanza,1
Spj Dispensary,Dispensary,Private,Mwanza,1
Kilombero Hc,Health Centre,Private,Mwanza,1
Star Medicare &clinics,Dispensary,Private,Mwanza,1
Mandela,Dispensary,Private,Mwanza,1
Amani Chogo Memorial Dispensary,Dispensary,Private,Mwanza,1
Mwamashimba,Health Centre,Private,Mwanza,1
Tumaini,Health Centre,Private,Mwanza,1
Kulwa Dispensary,Dispensary,Private,Mwanza,1
Dvn,Dispensary,Private,Mwanza,1
Nabungona Sda Dispensary,Dispensary,Private,Mwanza,1
Anamed,Dispensary,Private,Mwanza,1
Kmt-mkuyuni,Dispensary,Private,Mwanza,1
Ngumo,Health Centre,Private,Mwanza,1
Amani Dispensary,Dispensary,Private,Mwanza,1
Mahina Msamaria Health Center,Health Centre,Private,Mwanza,0
Tukuyu,Dispensary,Private,Mwanza,0
Upendo,Health Centre,Private,Mwanza,0
K.K.K.T Imani,Dispensary,Private,Mwanza,0
Ilemela,Dispensary,Private,Mwanza,0
Mwanza,Dispensary,Private,Mwanza,0
Nyasaka,Dispensary,Private,Mwanza,0
Nyambiti,Health Centre,Private,Mwanza,0
"Serengeti 'c"" Cada",Dispensary,Private,Mwanza,0
Komaswa,Dispensary,Private,Mwanza,0
Bakwata,Dispensary,Private,Mwanza,0
Saidia Watoto,Dispensary,Private,Mwanza,0
Hageb,Health Centre,Private,Mwanza,0
Huduma,Dispensary,Private,Mwanza,0
Magomeni,Dispensary,Private,Mwanza,0
Nakatunguru,Dispensary,Private,Mwanza,0
Victoria,Dispensary,Private,Mwanza,0
Kmt Wanze,Dispensary,Private,Mwanza,0
Kanyama,Dispensary,Private,Mwanza,0
Corner,Dispensary,Private,Mwanza,0
Nyamazugo Prinmat,Dispensary,Private,Mwanza,0
Military,Dispensary,Private,Mwanza,0
Maria/kisesa Disp,Dispensary,Private,Mwanza,0
Huruma Disp,Dispensary,Private,Mwanza,0
Mlimani,Dispensary,Private,Mwanza,0
Mama,Dispensary,Private,Mwanza,0
Bakwata Maganzo,Dispensary,Private,Simiyu,1
Rc Mwanhuzi,Dispensary,Private,Simiyu,1
Mshikamano Bakwata,Dispensary,Private,Simiyu,1
New Stand Bakwata Dispensary,Dispensary,Private,Simiyu,0
Tandale,Dispensary,Public,Dar es Salaam,4
Mburahati,Dispensary,Public,Dar es Salaam,4
Kimara Dispensary,Dispensary,Public,Dar es Salaam,3
Mbezi Luis Dispensary,Dispensary,Public,Dar es Salaam,3
Mavurunza,Dispensary,Public,Dar es Salaam,3
Mzimuni,Dispensary,Public,Dar es Salaam,3
Makuburi,Dispensary,Public,Dar es Salaam,3
Kunduchi,Dispensary,Public,Dar es Salaam,3
Ununio,Dispensary,Public,Dar es Salaam,3
Boko,Dispensary,Public,Dar es Salaam,3
Tegeta,Dispensary,Public,Dar es Salaam,3
Kawe,Dispensary,Public,Dar es Salaam,3
Salasala,Dispensary,Public,Dar es Salaam,3
Sinza Hospital,Hospital,Public,Dar es Salaam,2
Udsm Hc,Health Centre,Public,Dar es Salaam,2
Magomeni,Health Centre,Public,Dar es Salaam,2
Mabibo Dispensary,Dispensary,Public,Dar es Salaam,2
Mpiji Magohe,Dispensary,Public,Dar es Salaam,2
Kibwegere,Dispensary,Public,Dar es Salaam,2
Mabwepande,Dispensary,Public,Dar es Salaam,2
Mbopo,Dispensary,Public,Dar es Salaam,2
Mlalakuwa Jkt,Dispensary,Public,Dar es Salaam,2
Mbweni Jkt,Dispensary,Public,Dar es Salaam,2
Mbweni Mpiji,Dispensary,Public,Dar es Salaam,2
Mbweni,Dispensary,Public,Dar es Salaam,2
Madale,Dispensary,Public,Dar es Salaam,2
Wazo,Dispensary,Public,Dar es Salaam,2
Msumi,Dispensary,Public,Dar es Salaam,2
Kibamba,Dispensary,Public,Dar es Salaam,2
Kisopwa,Dispensary,Public,Dar es Salaam,2
Msewe,Dispensary,Public,Dar es Salaam,2
Kiluvya,Dispensary,Public,Dar es Salaam,2
Mlalakuwa,Dispensary,Public,Dar es Salaam,2
Mwenge,Dispensary,Public,Dar es Salaam,2
Manzese,Dispensary,Public,Dar es Salaam,1
Bunju,Dispensary,Public,Dar es Salaam,1
Goba,Dispensary,Public,Dar es Salaam,1
Kwembe Kati,Dispensary,Public,Dar es Salaam,1
Kwembe,Dispensary,Public,Dar es Salaam,1
Kigogo,Dispensary,Public,Dar es Salaam,1
Mabibo Hostel,Dispensary,Public,Dar es Salaam,1
Ardhi University,Dispensary,Public,Dar es Salaam,1
Ndumbwi,Dispensary,Public,Dar es Salaam,1
Makoprivate Juu,Dispensary,Public,Dar es Salaam,1
Js Babhra,Dispensary,Public,Dar es Salaam,1
Kijitonyama,Dispensary,Public,Dar es Salaam,1
Oysterbay,Dispensary,Public,Dar es Salaam,1
Kambangwa,Dispensary,Public,Dar es Salaam,1
Hananasif,Dispensary,Public,Dar es Salaam,1
Boko Magereza,Dispensary,Public,Dar es Salaam,0
Geita Dc Hosp,Hospital,Public,Geita,2
Nyarugusu,Dispensary,Public,Geita,2
Nyakabale,Dispensary,Public,Geita,2
Mharamba,Dispensary,Public,Geita,2
Senga,Dispensary,Public,Geita,2
Lwezera,Dispensary,Public,Geita,2
Chigunga Disp,Dispensary,Public,Geita,2
Chibingo,Dispensary,Public,Geita,2
Nyamilolelwa,Dispensary,Public,Geita,2
Bulela Dispensary,Dispensary,Public,Geita,2
Nzera,Health Centre,Public,Geita,1
Bugalula,Dispensary,Public,Geita,1
Mwamitilwa,Dispensary,Public,Geita,1
Kashishi,Health Centre,Public,Geita,1
Kachwamba,Health Centre,Public,Geita,1
Nyankumbu,Health Centre,Public,Geita,1
Kifufu,Dispensary,Public,Geita,1
Busanda,Dispensary,Public,Geita,1
Lubondo,Dispensary,Public,Geita,1
Katolo,Health Centre,Public,Geita,1
Chato,Hospital,Public,Geita,1
Izumacheli,Dispensary,Public,Geita,1
Buzirayombo Dispensary,Dispensary,Public,Geita,1
Bukombe District,Hospital,Public,Geita,1
Ilolangulu Dispensary,Dispensary,Public,Geita,1
Kasota,Dispensary,Public,Geita,1
Nyanhwiga Dispensary,Dispensary,Public,Geita,1
Busolwa,Dispensary,Public,Geita,1
Nyabilezi,Dispensary,Public,Geita,1
Bwanga,Health Centre,Public,Geita,1
Kharumwa Health Centre,Health Centre,Public,Geita,1
Nyakaduha,Dispensary,Public,Geita,1
Chikobe,Health Centre,Public,Geita,1
Mwingiro Disp,Dispensary,Public,Geita,1
Katoro Tcmc,Dispensary,Public,Geita,1
Bukwimba Disp.,Dispensary,Public,Geita,1
Kayenze Disp.,Dispensary,Public,Geita,1
Fulwe,Dispensary,Public,Geita,1
Kigongo Dispensary,Dispensary,Public,Geita,1
Lwamgasa,Dispensary,Public,Geita,1
Buseresere,Dispensary,Public,Geita,1
Lubanga,Dispensary,Public,Geita,1
Nyang'hwale Health Center,Health Centre,Public,Geita,1
Nyangalamila Disp,Dispensary,Public,Geita,1
Ikunguigazi,Dispensary,Public,Geita,1
Ihanga,Dispensary,Public,Geita,1
Ikuzi,Dispensary,Public,Geita,1
Kasamwa,Health Centre,Public,Geita,1
Ushirika Dispensary,Dispensary,Public,Geita,1
Nyambiti,Dispensary,Public,Geita,1
Bugando,Dispensary,Public,Geita,1
Ushirombo Health Center,Health Centre,Public,Geita,1
Bukandwe Dispensary,Dispensary,Public,Geita,1
Butwa Lulegeya,Dispensary,Public,Geita,1
Nkome,Dispensary,Public,Geita,1
Kakubilo,Dispensary,Public,Geita,1
Bukondo,Dispensary,Public,Geita,1
Nyasato Dispensary,Dispensary,Public,Geita,1
Nyang'holongo Dispensary,Dispensary,Public,Geita,1
Nyijundu Disp,Dispensary,Public,Geita,1
Ndelema,Dispensary,Public,Geita,1
Ilangale Dispensary,Dispensary,Public,Geita,1
Ilyamchele,Dispensary,Public,Geita,1
Buziku,Dispensary,Public,Geita,1
Uyovu,Health Centre,Public,Geita,0
Bukoli,Health Centre,Public,Geita,0
Bulugala Dispensary,Dispensary,Public,Geita,0
Kagu,Dispensary,Public,Geita,0
Nyakagwe,Dispensary,Public,Geita,0
Nyugwa Disp,Dispensary,Public,Geita,0
Iboya Health Center,Health Centre,Public,Geita,0
Bukombe,Dispensary,Public,Geita,0
Munekezi,Dispensary,Public,Geita,0
Katete Dispensary,Dispensary,Public,Geita,0
"Bung""wangoko Dispensary",Dispensary,Public,Geita,0
Masumbwe Hc,Health Centre,Public,Geita,0
Kafita,Dispensary,Public,Geita,0
Ilemela,Dispensary,Public,Geita,0
Kasema,Dispensary,Public,Geita,0
Ibondo,Dispensary,Public,Geita,0
Lulembela,Dispensary,Public,Geita,0
Iyogelo  Dispensary,Dispensary,Public,Geita,0
Busaka Dispensary,Dispensary,Public,Geita,0
Kasala Disp,Dispensary,Public,Geita,0
Kishinda,Dispensary,Public,Geita,0
Nyamalimbe,Dispensary,Public,Geita,0
St Paul,Dispensary,Public,Geita,0
Nyalwanzaja,Dispensary,Public,Geita,0
Kitongo,Dispensary,Public,Geita,0
Nyantimba,Dispensary,Public,Geita,0
Kasang'hwa,Dispensary,Public,Geita,0
Shabaka Disp,Dispensary,Public,Geita,0
Kakola Disp.,Dispensary,Public,Geita,0
Katende,Dispensary,Public,Geita,0
Mkungo,Dispensary,Public,Geita,0
Makurugusi Dispensary,Dispensary,Public,Geita,0
Bugenezi,Dispensary,Public,Geita,0
Lugunga Dispensary,Dispensary,Public,Geita,0
Kibumba,Dispensary,Public,Geita,0
Butundwe,Dispensary,Public,Geita,0
Nyamilembe,Dispensary,Public,Geita,0
Bulega,Dispensary,Public,Geita,0
Huruma Dispensary,Dispensary,Public,Geita,0
Ichwankima,Dispensary,Public,Geita,0
Kasenga,Dispensary,Public,Geita,0
Butalama,Health Centre,Public,Geita,0
Lyulu Disp.,Dispensary,Public,Geita,0
Nyakafuru Dispensary,Dispensary,Public,Geita,0
Kibehe,Dispensary,Public,Geita,0
Butengorumasa Dispensary,Dispensary,Public,Geita,0
Kinsabe Dispensary,Dispensary,Public,Geita,0
Kibondo,Hospital,Public,Kigoma,2
Kichananga,Dispensary,Public,Kigoma,2
Nengo Dispensary,Dispensary,Public,Kigoma,2
Nengo Dispensary,Dispensary,Public,Kigoma,2
Kumhasha  Dispensary,Dispensary,Public,Kigoma,2
Samvura Dispensary,Dispensary,Public,Kigoma,2
Rusesa Health Centre,Health Centre,Public,Kigoma,2
Nyakitonto Health Centre,Health Centre,Public,Kigoma,2
Mwibuye Dispensary,Dispensary,Public,Kigoma,2
Kasaka,Dispensary,Public,Kigoma,2
Kabanga Hosp,Hospital,Public,Kigoma,1
Kasulu Hosp,Hospital,Public,Kigoma,1
Ujiji Health Centre,Health Centre,Public,Kigoma,1
Kiganamo Hc,Health Centre,Public,Kigoma,1
Bitare Dispensary,Dispensary,Public,Kigoma,1
Busunzu,Dispensary,Public,Kigoma,1
Kasanda Dispensary,Dispensary,Public,Kigoma,1
Heru  Juu,Dispensary,Public,Kigoma,1
Mwandiga Dispensary,Dispensary,Public,Kigoma,1
Twabagondozi,Dispensary,Public,Kigoma,1
Gungu,Health Centre,Public,Kigoma,1
Kigogo,Dispensary,Public,Kigoma,1
Mukarazi,Dispensary,Public,Kigoma,1
Mwayaya,Dispensary,Public,Kigoma,1
Rusohoko,Dispensary,Public,Kigoma,1
Mwanga Dispensary,Dispensary,Public,Kigoma,1
Kigendeka,Dispensary,Public,Kigoma,1
Kumhama,Dispensary,Public,Kigoma,1
Kabare Dispensary,Dispensary,Public,Kigoma,1
Janda,Health Centre,Public,Kigoma,1
Itaba,Dispensary,Public,Kigoma,1
Kidyama Dispensary,Dispensary,Public,Kigoma,1
Murufiti Dispensary,Dispensary,Public,Kigoma,1
Nyenge Health Centre,Health Centre,Public,Kigoma,1
Rusaba,Dispensary,Public,Kigoma,1
Chankere,Dispensary,Public,Kigoma,1
Mugera,Dispensary,Public,Kigoma,1
Kumbanga,Dispensary,Public,Kigoma,1
Biturana,Dispensary,Public,Kigoma,1
Muhunga Dispensary,Dispensary,Public,Kigoma,1
Nabuhima,Dispensary,Public,Kigoma,1
Pamila  Dispensary,Dispensary,Public,Kigoma,1
Kanazi Dispensary,Dispensary,Public,Kigoma,1
Munanila,Dispensary,Public,Kigoma,1
Muzye Dispensary,Dispensary,Public,Kigoma,1
Kitahana,Dispensary,Public,Kigoma,1
Nyamidaho Dispensary,Dispensary,Public,Kigoma,1
Kitema Dispensary,Dispensary,Public,Kigoma,1
Kakonko,Health Centre,Public,Kigoma,1
Kigondo Hospital,Dispensary,Public,Kigoma,1
Mutala Dispensary,Dispensary,Public,Kigoma,1
Kwaga Dispensary,Dispensary,Public,Kigoma,1
Kigembe Dispensary,Dispensary,Public,Kigoma,1
Nyange,Dispensary,Public,Kigoma,1
Nyamisivyi,Dispensary,Public,Kigoma,1
Rugunga,Dispensary,Public,Kigoma,1
Nyaruboza,Dispensary,Public,Kigoma,1
Name Of Disp 3,Dispensary,Public,Kigoma,1
Kiganza Gov Dispensary,Dispensary,Public,Kigoma,1
Nkundutsi Dispensary,Dispensary,Public,Kigoma,1
Nyarugunga,Dispensary,Public,Kigoma,1
Bugaga Dispensary,Dispensary,Public,Kigoma,1
Bukirilo,Dispensary,Public,Kigoma,1
Msimba Dispensary,Dispensary,Public,Kigoma,1
Buhoro Dispensary,Dispensary,Public,Kigoma,1
Kigaga,Dispensary,Public,Kigoma,1
Bulombora,Dispensary,Public,Kigoma,1
Kaseke Dispensary,Dispensary,Public,Kigoma,1
Kamara Dispensary,Dispensary,Public,Kigoma,1
Nyabitaka Dispensary,Dispensary,Public,Kigoma,1
Shunguliba Dispensary,Dispensary,Public,Kigoma,1
Kirungu Dispensary,Dispensary,Public,Kigoma,1
Nyarubanda,Dispensary,Public,Kigoma,1
Kagezi,Dispensary,Public,Kigoma,1
Nyamhoza  Dispensary,Dispensary,Public,Kigoma,1
Mukabuye,Dispensary,Public,Kigoma,1
Makere Dispensary,Dispensary,Public,Kigoma,1
Kahabako,Dispensary,Public,Kigoma,1
Kumkugwa,Dispensary,Public,Kigoma,1
Nyamabuye,Dispensary,Public,Kigoma,1
Kidahwe  Dispensary,Dispensary,Public,Kigoma,1
Kilelema,Dispensary,Public,Kigoma,1
Kitagata Dispensary,Dispensary,Public,Kigoma,1
Nyaruyoba,Dispensary,Public,Kigoma,1
Ruhita Dispensary,Dispensary,Public,Kigoma,1
Kumsenga,Dispensary,Public,Kigoma,1
Bugamba Dispensary,Dispensary,Public,Kigoma,1
Nyamnyusi Dispensary,Dispensary,Public,Kigoma,1
Muyama,Health Centre,Public,Kigoma,0
Nyumbigwa Disp,Dispensary,Public,Kigoma,0
Titye Dispensary,Dispensary,Public,Kigoma,0
Kizenga Dispensary,Dispensary,Public,Kigoma,0
Nyanzige,Health Centre,Public,Kigoma,0
Kasuku  Dispensary,Dispensary,Public,Kigoma,0
Kabingo Dispensary,Dispensary,Public,Kigoma,0
Songambele,Dispensary,Public,Kigoma,0
Kinazi Dispensary,Dispensary,Public,Kigoma,0
Kalela Dispensary,Dispensary,Public,Kigoma,0
Migongo,Dispensary,Public,Kigoma,0
Nyankoronko,Dispensary,Public,Kigoma,0
Kasongati,Dispensary,Public,Kigoma,0
Kitambuka,Dispensary,Public,Kigoma,0
Zashe Dispensary,Dispensary,Public,Kigoma,0
Police Dispensary,Dispensary,Public,Kigoma,0
Bangwe,Dispensary,Public,Kigoma,0
Kigogwe,Dispensary,Public,Kigoma,0
Kibingo,Dispensary,Public,Kigoma,0
Nyagwijima Dispensary,Dispensary,Public,Kigoma,0
Mgalaganza Dispensary,Dispensary,Public,Kigoma,0
Nyabibuye,Dispensary,Public,Kigoma,0
Nyachenda Dispensary,Dispensary,Public,Kigoma,0
Kagera Nkanda Dispensary,Dispensary,Public,Kigoma,0
Kaguruka Dispensary,Dispensary,Public,Kigoma,0
Rusimbi,Dispensary,Public,Kigoma,0
Prisons Force,Dispensary,Public,Kigoma,0
Kajana,Dispensary,Public,Kigoma,0
Kalalangabo  Dispensary,Dispensary,Public,Kigoma,0
Kiduduye,Dispensary,Public,Kigoma,0
Nyamori Dispensary,Dispensary,Public,Kigoma,0
Bunyambo Dispensary,Dispensary,Public,Kigoma,0
Kdc,Dispensary,Public,Kigoma,0
Kigadye Dispensary,Dispensary,Public,Kigoma,0
Rungwe Mpya Dispensary,Dispensary,Public,Kigoma,0
Businde,Dispensary,Public,Kigoma,0
Aksante Nyerere Dispensary,Dispensary,Public,Kigoma,0
Mkabogo,Dispensary,Public,Kigoma,0
Kiziba Dispensary,Dispensary,Public,Kigoma,0
Lalambe Dispensary,Dispensary,Public,Kigoma,0
Kanyonza,Dispensary,Public,Kigoma,0
Kanembwa,Dispensary,Public,Kigoma,0
Msufini Dispensary,Dispensary,Public,Kigoma,0
Nyarugusu,Dispensary,Public,Kigoma,0
Gwarama Dispensary,Dispensary,Public,Kigoma,0
Minyinyi,Dispensary,Public,Kigoma,0
Kigina,Dispensary,Public,Kigoma,0
Mkongolo,Dispensary,Public,Kigoma,0
Kinonko Dispensary,Dispensary,Public,Kigoma,0
Kasuga Disp,Dispensary,Public,Kigoma,0
Kigalye Dispensary,Dispensary,Public,Kigoma,0
Muhange,Dispensary,Public,Kigoma,0
Gwanumpu,Health Centre,Public,Kigoma,0
Kibuye,Dispensary,Public,Kigoma,0
Kazilamihunda,Dispensary,Public,Kigoma,0
Zeze Dispensary,Dispensary,Public,Kigoma,0
Mvinza Dispensary,Dispensary,Public,Kigoma,0
Kagongo  Dispensary,Dispensary,Public,Kigoma,0
Kimwanya Health Centre,Health Centre,Public,Kigoma,0
Nyakasanda Dispensary,Dispensary,Public,Kigoma,0
Buhanda,Dispensary,Public,Kigoma,0
Katanga,Dispensary,Public,Kigoma,0
Uvinza Dispensary,Dispensary,Public,Kigoma,0
Simbo  Dispensary,Dispensary,Public,Kigoma,0
Nkungwe Dispensary,Dispensary,Public,Kigoma,0
Mugunzu Dispensary,Dispensary,Public,Kigoma,0
Mkigo Dispensary,Dispensary,Public,Kigoma,0
Mwali Dispensary,Dispensary,Public,Kigoma,0
Kagunga Dispensary,Dispensary,Public,Kigoma,0
Nyakayenzi Dispensary,Dispensary,Public,Kigoma,0
Mugombe Dispensary,Dispensary,Public,Kigoma,0
Chankabwimba  Dispensary,Dispensary,Public,Kigoma,0
Muyovosi Health Centre,Health Centre,Public,Kigoma,0
Kibwingwa,Dispensary,Public,Kigoma,0
Kiga,Dispensary,Public,Kigoma,0
Mahembe Dispensary,Dispensary,Public,Kigoma,0
Mtanga Dispensary,Dispensary,Public,Kigoma,0
Marumba Dispensary,Dispensary,Public,Kigoma,0
Nyamtukuza,Dispensary,Public,Kigoma,0
Mvungwe Dispensary,Dispensary,Public,Kigoma,0
Rumashi,Dispensary,Public,Kigoma,0
Chakulu,Dispensary,Public,Kigoma,0
Kasangezi Dispensary,Dispensary,Public,Kigoma,0
Matendo Dispensary,Dispensary,Public,Kigoma,0
Bubango  Dispensary,Dispensary,Public,Kigoma,0
Songambele Dispensary,Dispensary,Public,Kigoma,0
Mlela,Dispensary,Public,Kigoma,0
Lyabusende Dispensary,Dispensary,Public,Kigoma,0
Kirando Dispensary,Dispensary,Public,Kigoma,0
Kandaga,Dispensary,Public,Kigoma,0
Chagu,Dispensary,Public,Kigoma,0
Ilalangulu Dispensary,Dispensary,Public,Kigoma,0
Igalula Dispensary,Dispensary,Public,Kigoma,0
Kitanga Dispensary,Dispensary,Public,Kigoma,0
Mikonko Dsp,Dispensary,Public,Kigoma,0
Mwamila Dispensary,Dispensary,Public,Kigoma,0
Sigunga Dispensary,Dispensary,Public,Kigoma,0
Nyanza Dispensary,Dispensary,Public,Kigoma,0
Kaparamsenga,Dispensary,Public,Kigoma,0
Mugambazi,Dispensary,Public,Kigoma,0
Karago Dispensary,Dispensary,Public,Kigoma,0
Kazuramimba,Dispensary,Public,Kigoma,0
Sunuka Dispensary,Dispensary,Public,Kigoma,0
Mtego Wa Noti,Dispensary,Public,Kigoma,0
Mganza Dispensary,Dispensary,Public,Kigoma,0
Nyanganga,Dispensary,Public,Kigoma,0
Katundu,Dispensary,Public,Kigoma,0
Nkonkwa Dispensary,Dispensary,Public,Kigoma,0
Magarama,Dispensary,Public,Kigoma,0
Nyarugusu Dispensary,Dispensary,Public,Kigoma,0
Sibwesa Dispensary,Dispensary,Public,Kigoma,0
Bweri H/centre,Health Centre,Public,Mara,3
Tegeruka,Dispensary,Public,Mara,3
Nhangoto,Health Centre,Public,Mara,3
Magoto,Health Centre,Public,Mara,2
Ikomo,Dispensary,Public,Mara,2
Tarime Hospital,Hospital,Public,Mara,2
Murangihealth Centre.,Health Centre,Public,Mara,2
Kenyamanyori,Dispensary,Public,Mara,2
Nyambono,Dispensary,Public,Mara,2
Etaro,Dispensary,Public,Mara,2
Gamasara,Dispensary,Public,Mara,2
Butiama Hospital,Hospital,Public,Mara,2
Kwangwa Dispensary,Dispensary,Public,Mara,2
Nata,Health Centre,Public,Mara,2
Nyasho H/c,Health Centre,Public,Mara,2
Nyakato Dispensary,Dispensary,Public,Mara,2
Wanyele,Dispensary,Public,Mara,2
Nyakatende,Dispensary,Public,Mara,2
Bukima,Dispensary,Public,Mara,2
Machochwe H/c,Health Centre,Public,Mara,2
Nyamwaga,Dispensary,Public,Mara,2
Mriba,Health Centre,Public,Mara,2
Nyegina,Dispensary,Public,Mara,2
Changuge Health,Health Centre,Public,Mara,2
Makoko,Dispensary,Public,Mara,2
Rusoli,Dispensary,Public,Mara,2
Nyinchoka,Dispensary,Public,Mara,2
Kiemba,Dispensary,Public,Mara,2
Mwisenge Dispensary,Dispensary,Public,Mara,2
Surubu,Dispensary,Public,Mara,2
Buhare Dispensary,Dispensary,Public,Mara,2
Nyakitono,Dispensary,Public,Mara,2
Nyasaricho,Dispensary,Public,Mara,2
Kiongera,Dispensary,Public,Mara,1
Mtana,Dispensary,Public,Mara,1
Nyamongo,Dispensary,Public,Mara,1
Kiagata,Health Centre,Public,Mara,1
Chitare,Dispensary,Public,Mara,1
Nyantira,Dispensary,Public,Mara,1
Gibaso,Dispensary,Public,Mara,1
Mbalibali,Dispensary,Public,Mara,1
Rung'abure Dispensary.,Dispensary,Public,Mara,1
Nyamisingisi,Dispensary,Public,Mara,1
Genkuru,Dispensary,Public,Mara,1
Nyamburi,Dispensary,Public,Mara,1
Sirari,Health Centre,Public,Mara,1
Nyamatoke,Dispensary,Public,Mara,1
Sakawa Dispensary,Dispensary,Public,Mara,1
Mugumu Rch B,Health Centre,Public,Mara,1
Kwikuba,Dispensary,Public,Mara,1
Manyamanyama,Hospital,Public,Mara,1
Busungu,Dispensary,Public,Mara,1
Masinki,Dispensary,Public,Mara,1
Nyarwana,Health Centre,Public,Mara,1
Bwai,Dispensary,Public,Mara,1
Mugango,Dispensary,Public,Mara,1
Isenye Dispensary,Dispensary,Public,Mara,1
Kuruya Dispensary,Dispensary,Public,Mara,1
Salama A Dispensary,Dispensary,Public,Mara,1
Gantamome,Dispensary,Public,Mara,1
Iringo Dispensary,Dispensary,Public,Mara,1
Robanta,Health Centre,Public,Mara,1
Bwitengi Dispensary.,Dispensary,Public,Mara,1
Rwamlimi Dispensary,Dispensary,Public,Mara,1
Rigicha Dispensary,Dispensary,Public,Mara,1
"Rwang""enyi",Dispensary,Public,Mara,1
Nyamagaro Dispensary,Dispensary,Public,Mara,1
Nansimo Dispensary,Dispensary,Public,Mara,1
Nyanchabakene,Dispensary,Public,Mara,1
Lake Victoria Dispensary,Dispensary,Public,Mara,1
Bugire,Dispensary,Public,Mara,1
Utegihealth Centre,Health Centre,Public,Mara,1
Nyansurura,Dispensary,Public,Mara,1
Bubombi Dispensary,Dispensary,Public,Mara,1
Ronsoti,Dispensary,Public,Mara,1
Kurugeye,Dispensary,Public,Mara,1
Itununu Dispensary,Dispensary,Public,Mara,1
Masinono,Dispensary,Public,Mara,1
Iramba,Health Centre,Public,Mara,1
Iramba Dispensary,Dispensary,Public,Mara,1
Suguti,Dispensary,Public,Mara,1
Buturi Dispensary,Dispensary,Public,Mara,1
Rch- A,Dispensary,Public,Mara,1
Bugunda,Dispensary,Public,Mara,1
Rwamchanga Dispensary,Dispensary,Public,Mara,1
Kiriba,Dispensary,Public,Mara,1
Guta Dispensary,Dispensary,Public,Mara,1
Kabare Primat,Dispensary,Public,Mara,1
Park Nyigoti,Dispensary,Public,Mara,1
Kome,Dispensary,Public,Mara,1
Sokolabolo Dispensary,Dispensary,Public,Mara,1
Wegete,Dispensary,Public,Mara,1
Nyamitita,Dispensary,Public,Mara,1
Tabora Dispensary,Dispensary,Public,Mara,1
Bumera,Dispensary,Public,Mara,1
Iseresere,Dispensary,Public,Mara,1
Chereche Dispensary,Dispensary,Public,Mara,1
Kinesihealth Centre,Health Centre,Public,Mara,1
Bonchugu,Dispensary,Public,Mara,1
Kigera Etuma,Dispensary,Public,Mara,1
Nyahongo,Dispensary,Public,Mara,1
Karukekere Dispensary,Dispensary,Public,Mara,1
Kenyana Dispensary,Dispensary,Public,Mara,1
Nyabisaga,Dispensary,Public,Mara,1
Masike Dispensary,Dispensary,Public,Mara,1
Gisarya,Dispensary,Public,Mara,1
Raranya Dispensary,Dispensary,Public,Mara,1
Aict Bunda Dispensary,Dispensary,Public,Mara,1
Sazira Dispensary,Dispensary,Public,Mara,1
Namhula,Dispensary,Public,Mara,1
Tamau Dispensary,Dispensary,Public,Mara,1
Ruhu Dispensary,Dispensary,Public,Mara,1
Remung'oroli,Dispensary,Public,Mara,1
Nyiboko Dispensary,Dispensary,Public,Mara,1
Marambeka Dispensary,Dispensary,Public,Mara,1
Salama Kati Dispensary,Dispensary,Public,Mara,1
Bukama Sda,Dispensary,Public,Mara,1
Buruma,Dispensary,Public,Mara,1
Sarawe Dispensary,Dispensary,Public,Mara,1
Boma Dispensary,Dispensary,Public,Mara,1
Kunzugu Dispensary,Dispensary,Public,Mara,1
Mcharo,Dispensary,Public,Mara,1
Kubiterere,Dispensary,Public,Mara,1
Mariwanda,Dispensary,Public,Mara,1
Kitembele Dispensary,Dispensary,Public,Mara,0
Ukombozi Dispensary,Dispensary,Public,Mara,0
Musati,Dispensary,Public,Mara,0
Bhoke Dispensary,Dispensary,Public,Mara,0
St Claret,Dispensary,Public,Mara,0
Lukuba,Dispensary,Public,Mara,0
Majimoto,Dispensary,Public,Mara,0
Bungurere,Dispensary,Public,Mara,0
Kebanchabancha,Health Centre,Public,Mara,0
Matongo,Dispensary,Public,Mara,0
Bugoji,Dispensary,Public,Mara,0
Panyakoo Dispensary,Dispensary,Public,Mara,0
Nyamatare Dispensary,Dispensary,Public,Mara,0
Kangetutya,Dispensary,Public,Mara,0
Gusuhi,Dispensary,Public,Mara,0
Magereza,Dispensary,Public,Mara,0
Nyangere Dispensary,Dispensary,Public,Mara,0
Nyasoko,Dispensary,Public,Mara,0
Merenga,Dispensary,Public,Mara,0
Faraja Primart,Dispensary,Public,Mara,0
Igundu Dispensary,Dispensary,Public,Mara,0
Maburi,Dispensary,Public,Mara,0
Magereza Dispensary,Dispensary,Public,Mara,0
Seronera,Dispensary,Public,Mara,0
Seka,Dispensary,Public,Mara,0
Magena,Dispensary,Public,Mara,0
Makoko Jw,Dispensary,Public,Mara,0
Musoma Police,Dispensary,Public,Mara,0
Mihale Dispensary,Dispensary,Public,Mara,0
Kitagutiti,Dispensary,Public,Mara,0
Kurusanga Dispensary,Dispensary,Public,Mara,0
Ochuna Dispensary,Dispensary,Public,Mara,0
Ikoma Dispensary,Dispensary,Public,Mara,0
Radienya Dispensary,Dispensary,Public,Mara,0
Hunyari,Dispensary,Public,Mara,0
Kemugesi,Health Centre,Public,Mara,0
Kabasa Dispensary,Dispensary,Public,Mara,0
Manchimweru Dispensary,Dispensary,Public,Mara,0
Baraki Dispensary,Dispensary,Public,Mara,0
Kogaja Dispensary,Dispensary,Public,Mara,0
Nyankomogo,Dispensary,Public,Mara,0
Busambara,Dispensary,Public,Mara,0
Bulamba Dispensary,Dispensary,Public,Mara,0
Mwiruruma Dispensary,Dispensary,Public,Mara,0
Nyaburundu,Dispensary,Public,Mara,0
Nkerege,Dispensary,Public,Mara,0
Mekomariro Dispensary,Dispensary,Public,Mara,0
Sunsi Dispensary,Dispensary,Public,Mara,0
Bunda Magereza Dispensary,Dispensary,Public,Mara,0
Nafuba Dispensary,Dispensary,Public,Mara,0
Nyambori Dispensary,Dispensary,Public,Mara,0
Nyamatoke  Dispensary,Dispensary,Public,Mara,0
Kibuyi Dispensary,Dispensary,Public,Mara,0
Bugarika,Dispensary,Public,Mwanza,2
Sangabuye,Health Centre,Public,Mwanza,2
Nyamagana Hospital,Hospital,Public,Mwanza,2
Pasiansi,Dispensary,Public,Mwanza,2
Nyanzenda Dispensary,Dispensary,Public,Mwanza,2
Busisi,Dispensary,Public,Mwanza,2
Nyamizeze,Dispensary,Public,Mwanza,2
Nyakato,Dispensary,Public,Mwanza,2
Nyakalilo,Health Centre,Public,Mwanza,2
Igoma,Health Centre,Public,Mwanza,2
Katunguru,Health Centre,Public,Mwanza,2
Igala Dispensary,Dispensary,Public,Mwanza,2
Misungwi District Hospital,Hospital,Public,Mwanza,2
Buhongwa,Dispensary,Public,Mwanza,2
Igogo Dispensary,Dispensary,Public,Mwanza,2
Shadi,Dispensary,Public,Mwanza,2
Iligamba,Dispensary,Public,Mwanza,2
Mabatini Police Dispensary,Dispensary,Public,Mwanza,2
Kahumulo,Dispensary,Public,Mwanza,2
Mwawile Dispensary,Dispensary,Public,Mwanza,2
Kisaba,Dispensary,Public,Mwanza,2
Mkolani Dispensary,Dispensary,Public,Mwanza,2
Bupandwa,Dispensary,Public,Mwanza,2
Lugeye,Dispensary,Public,Mwanza,2
Luchili,Dispensary,Public,Mwanza,2
Busekeseke,Dispensary,Public,Mwanza,2
Buzuruga,Health Centre,Public,Mwanza,2
Sima,Dispensary,Public,Mwanza,2
Mwangika,Health Centre,Public,Mwanza,1
Magu,Hospital,Public,Mwanza,1
Kasisa,Dispensary,Public,Mwanza,1
Huduma Mashuleni,Dispensary,Public,Mwanza,1
Ntulya,Dispensary,Public,Mwanza,1
Ngoma A,Dispensary,Public,Mwanza,1
Busulwangiri,Dispensary,Public,Mwanza,1
Military Hospita Mwanza,Hospital,Public,Mwanza,1
Nansio,Hospital,Public,Mwanza,1
Kagunguli,Health Centre,Public,Mwanza,1
Buyagu Disp,Dispensary,Public,Mwanza,1
Misasi,Health Centre,Public,Mwanza,1
Seth Benjamin Dispensary,Dispensary,Public,Mwanza,1
Nyegezi,Dispensary,Public,Mwanza,1
Mondo,Dispensary,Public,Mwanza,1
Kalangalala Disp,Dispensary,Public,Mwanza,1
Kasenyi Dispensary,Dispensary,Public,Mwanza,1
Kasungamile Disp,Dispensary,Public,Mwanza,1
Sukuma,Dispensary,Public,Mwanza,1
Kafunzo,Dispensary,Public,Mwanza,1
Fumagile Dispensary,Health Centre,Public,Mwanza,1
Ukiriguru,Dispensary,Public,Mwanza,1
Makongoro Hc,Health Centre,Public,Mwanza,1
?? Bot,Dispensary,Public,Mwanza,1
Chamabanda Disp,Dispensary,Public,Mwanza,1
Sengerema Health Centre,Health Centre,Public,Mwanza,1
Nyamwilolelwa,Dispensary,Public,Mwanza,1
Nyanchenche Dispensary,Dispensary,Public,Mwanza,1
Muriti,Health Centre,Public,Mwanza,1
Buzilasoga Disp,Dispensary,Public,Mwanza,1
Buhama,Dispensary,Public,Mwanza,1
Nyamhongolo,Dispensary,Public,Mwanza,1
Nyamazugo,Dispensary,Public,Mwanza,1
Igogwe,Dispensary,Public,Mwanza,1
Nyamayinza Dispensary,Dispensary,Public,Mwanza,1
Lubiri,Dispensary,Public,Mwanza,1
Nyabumhanda Dispensary,Dispensary,Public,Mwanza,1
Buhindi Dispensary,Dispensary,Public,Mwanza,1
Nyehunnge,Health Centre,Public,Mwanza,1
Lugata,Dispensary,Public,Mwanza,1
Ngudu,Hospital,Public,Mwanza,1
Buzegwe,Dispensary,Public,Mwanza,1
Kigara,Dispensary,Public,Mwanza,1
Mwanangwa,Dispensary,Public,Mwanza,1
Balatogwa,Dispensary,Public,Mwanza,1
Kanyelele,Dispensary,Public,Mwanza,1
Mwaniko,Dispensary,Public,Mwanza,1
Nyamadoke,Dispensary,Public,Mwanza,1
Gambajiga,Dispensary,Public,Mwanza,1
Ngoma B,Dispensary,Public,Mwanza,1
Bukiko,Dispensary,Public,Mwanza,1
Tunyenye,Dispensary,Public,Mwanza,1
Bugorola,Dispensary,Public,Mwanza,1
Kalebezo,Dispensary,Public,Mwanza,1
Mayuya,Dispensary,Public,Mwanza,1
Busisi,Health Centre,Public,Mwanza,1
Kirumba,Dispensary,Public,Mwanza,1
Bwisya,Health Centre,Public,Mwanza,1
Malya,Health Centre,Public,Mwanza,1
Lushamba,Dispensary,Public,Mwanza,1
Karume,Health Centre,Public,Mwanza,1
Nyerere,Dispensary,Public,Mwanza,1
Runere,Dispensary,Public,Mwanza,1
Kiloleli Chamwenda,Dispensary,Public,Mwanza,1
Luhanga,Dispensary,Public,Mwanza,1
Mwagala,Dispensary,Public,Mwanza,1
Ibongoya,Dispensary,Public,Mwanza,1
Nyamatongo,Dispensary,Public,Mwanza,1
Mbugani Dispensary,Dispensary,Public,Mwanza,1
Bilulumo,Dispensary,Public,Mwanza,1
Bugembe,Dispensary,Public,Mwanza,1
Igokelo,Dispensary,Public,Mwanza,1
Mahina,Dispensary,Public,Mwanza,1
Muluseni,Dispensary,Public,Mwanza,1
Butimba Polisi,Dispensary,Public,Mwanza,1
Nyamtelela,Dispensary,Public,Mwanza,1
Bitoto,Dispensary,Public,Mwanza,1
Isamilo,Dispensary,Public,Mwanza,1
Nguge,Dispensary,Public,Mwanza,1
Sumbugu,Dispensary,Public,Mwanza,1
Kabusungu,Dispensary,Public,Mwanza,1
Kaunda,Dispensary,Public,Mwanza,1
Irugwa,Dispensary,Public,Mwanza,1
Igongwa,Dispensary,Public,Mwanza,1
Bukokwa,Dispensary,Public,Mwanza,1
Bulamba,Dispensary,Public,Mwanza,1
Kahama,Dispensary,Public,Mwanza,1
Kamasi,Dispensary,Public,Mwanza,1
Chifule,Dispensary,Public,Mwanza,1
Busumba,Dispensary,Public,Mwanza,1
Mwamboku,Dispensary,Public,Mwanza,1
Busongo,Health Centre,Public,Mwanza,1
Ilekanilo,Dispensary,Public,Mwanza,1
Mwagiligili Dispensary,Dispensary,Public,Mwanza,1
Namagondo,Dispensary,Public,Mwanza,1
Kiliwi,Dispensary,Public,Mwanza,1
Bugula,Dispensary,Public,Mwanza,1
Nyampande,Dispensary,Public,Mwanza,1
Bugisha,Dispensary,Public,Mwanza,1
Nyakasungwa,Dispensary,Public,Mwanza,1
Bukonyo,Dispensary,Public,Mwanza,1
Galu,Dispensary,Public,Mwanza,1
Isesa,Dispensary,Public,Mwanza,1
Nyahiti,Dispensary,Public,Mwanza,1
Muhula,Dispensary,Public,Mwanza,1
Lyoma,Dispensary,Public,Mwanza,1
Inala Dispensary,Dispensary,Public,Mwanza,1
Igaka,Dispensary,Public,Mwanza,1
Bukumbi Camp Dispensary,Dispensary,Public,Mwanza,1
Mbarika,Health Centre,Public,Mwanza,1
Mwampulu Dispensary,Dispensary,Public,Mwanza,1
Nyang'homango Dispensary,Dispensary,Public,Mwanza,1
Mahaha,Dispensary,Public,Mwanza,1
Tambukareli,Dispensary,Public,Mwanza,1
Mahando Dispensary,Dispensary,Public,Mwanza,1
Hamkoko,Dispensary,Public,Mwanza,1
512 Kj Dispensary,Dispensary,Public,Mwanza,1
Murutunguru,Dispensary,Public,Mwanza,1
Koromije,Health Centre,Public,Mwanza,1
Butimba Ttc,Dispensary,Public,Mwanza,1
Igulumuki,Dispensary,Public,Mwanza,1
Mwabaluhi,Dispensary,Public,Mwanza,1
Ngudu Gereza,Dispensary,Public,Mwanza,1
Nyamikoma Dispensary,Dispensary,Public,Mwanza,1
Nyaishana Dispensary,Dispensary,Public,Mwanza,1
Buhumbi,Dispensary,Public,Mwanza,1
Maisome Dispensary,Dispensary,Public,Mwanza,0
Kayenze Dispensary,Dispensary,Public,Mwanza,0
Juma Kisiwani Dispensary,Dispensary,Public,Mwanza,0
Chanduru,Dispensary,Public,Mwanza,0
Ilula,Dispensary,Public,Mwanza,0
Mwamazeng0,Dispensary,Public,Mwanza,0
Katoma Dispensary,Dispensary,Public,Mwanza,0
Nyamijundu,Dispensary,Public,Mwanza,0
Mwabilanda,Dispensary,Public,Mwanza,0
Kalumo Dispensary,Dispensary,Public,Mwanza,0
Sogoso,Dispensary,Public,Mwanza,0
Kome,Health Centre,Public,Mwanza,0
Nimr,Health Centre,Public,Mwanza,0
Kahangara,Health Centre,Public,Mwanza,0
Mwangika Dispensary,Dispensary,Public,Mwanza,0
Kagunga,Health Centre,Public,Mwanza,0
Ibindo Dispensary,Dispensary,Public,Mwanza,0
Matale,Dispensary,Public,Mwanza,0
Sizu,Dispensary,Public,Mwanza,0
Ng'ombe,Dispensary,Public,Mwanza,0
Lumeji,Dispensary,Public,Mwanza,0
Idetemya Dispensary,Dispensary,Public,Mwanza,0
Ngomamtimba,Dispensary,Public,Mwanza,0
Kibitilwa,Dispensary,Public,Mwanza,0
Kigangama,Dispensary,Public,Mwanza,0
Nyangalamila,Dispensary,Public,Mwanza,0
Lutale,Dispensary,Public,Mwanza,0
Busalanga,Dispensary,Public,Mwanza,0
Rubya Dispensary,Dispensary,Public,Mwanza,0
Mwamabanza,Dispensary,Public,Mwanza,0
Mwambola Dispensary,Dispensary,Public,Mwanza,0
Kabila,Health Centre,Public,Mwanza,0
Nhobola Disp,Dispensary,Public,Mwanza,0
Kisesa,Health Centre,Public,Mwanza,0
Milyungu,Dispensary,Public,Mwanza,0
Ihayabuyaga,Dispensary,Public,Mwanza,0
Mahiga,Dispensary,Public,Mwanza,0
Buyogo,Dispensary,Public,Mwanza,0
Kweru,Dispensary,Public,Mwanza,0
Nyanguge,Health Centre,Public,Mwanza,0
Nyambuyi,Dispensary,Public,Mwanza,0
Manawa,Dispensary,Public,Mwanza,0
Jojiro,Dispensary,Public,Mwanza,0
Kongolo,Dispensary,Public,Mwanza,0
Kikubiji,Dispensary,Public,Mwanza,0
Sengerema Secondary,Dispensary,Public,Mwanza,0
Kishinda,Dispensary,Public,Mwanza,0
Nyamanga,Dispensary,Public,Mwanza,0
Izizimba,Dispensary,Public,Mwanza,0
Nyanghonge,Dispensary,Public,Mwanza,0
Nyamigamba,Dispensary,Public,Mwanza,0
Walla,Dispensary,Public,Mwanza,0
Ijinga,Dispensary,Public,Mwanza,0
Mwitambu,Dispensary,Public,Mwanza,0
Ndamhi,Dispensary,Public,Mwanza,0
Buhunda Dispensary,Dispensary,Public,Mwanza,0
Mwankulwe,Dispensary,Public,Mwanza,0
Talaga Dispensary,Dispensary,Public,Mwanza,0
Chibuji,Dispensary,Public,Mwanza,0
Trc Marine,Dispensary,Public,Mwanza,0
Bujingwa,Dispensary,Public,Mwanza,0
Manay,Dispensary,Public,Mwanza,0
Bubinza,Dispensary,Public,Mwanza,0
Shishani,Dispensary,Public,Mwanza,0
Mwadubi,Dispensary,Public,Mwanza,0
Busangu Mugu,Dispensary,Public,Mwanza,0
Sayaka,Dispensary,Public,Mwanza,0
Solwe,Dispensary,Public,Mwanza,0
Shushi,Dispensary,Public,Mwanza,0
Welamasonga,Dispensary,Public,Mwanza,0
Mwashepi,Dispensary,Public,Mwanza,0
Mwakilyambiti,Dispensary,Public,Mwanza,0
Mukunu,Dispensary,Public,Mwanza,0
Mwang'halanga,Dispensary,Public,Mwanza,0
Bungulwa,Dispensary,Public,Mwanza,0
Bujashi,Dispensary,Public,Mwanza,0
Kitongosima,Dispensary,Public,Mwanza,0
Mulaga,Dispensary,Public,Mwanza,0
Nkinga,Dispensary,Public,Mwanza,0
Kinango,Dispensary,Public,Mwanza,0
Maligisu Dispensary,Dispensary,Public,Mwanza,0
Nyamilama,Health Centre,Public,Mwanza,0
Ilumba,Dispensary,Public,Mwanza,0
Malembe,Dispensary,Public,Mwanza,0
Isolo,Dispensary,Public,Mwanza,0
Mwamanga,Dispensary,Public,Mwanza,0
Kisesa B,Dispensary,Public,Mwanza,0
Mwanekeyi Dispensary,Dispensary,Public,Mwanza,0
Busekwa,Dispensary,Public,Mwanza,0
Nyegezi Fisheries,Dispensary,Public,Mwanza,0
Mwabulenga,Dispensary,Public,Mwanza,0
Igombe,Dispensary,Public,Mwanza,0
Igalula Dispensary,Dispensary,Public,Mwanza,0
Mwaging'hi,Dispensary,Public,Mwanza,0
Mennonite,Dispensary,Public,Mwanza,0
Methodist,Dispensary,Public,Mwanza,0
Shilembo,Dispensary,Public,Mwanza,0
663 Regt Dispensary,Dispensary,Public,Mwanza,0
Bugandando,Dispensary,Public,Mwanza,0
Luhorongoma,Dispensary,Public,Mwanza,0
Sotta,Dispensary,Public,Mwanza,0
Isole,Dispensary,Public,Mwanza,0
Chuo Cha Michezo Malya,Dispensary,Public,Mwanza,0
Hamuyebe,Dispensary,Public,Mwanza,0
Nyasato,Dispensary,Public,Mwanza,0
Igekemaja,Dispensary,Public,Mwanza,0
Salama Bugatu,Dispensary,Public,Mwanza,0
Sese,Dispensary,Public,Mwanza,0
Mwafuguji,Dispensary,Public,Simiyu,1
Meatu ,Hospital,Public,Simiyu,1
Mwangudo,Dispensary,Public,Simiyu,1
Itinje,Dispensary,Public,Simiyu,1
Imaleseko,Dispensary,Public,Simiyu,1
Sakasaka,Dispensary,Public,Simiyu,1
Mwabuzo,Dispensary,Public,Simiyu,1
Kabondo,Dispensary,Public,Simiyu,1
Nkoma Health Center,Health Centre,Public,Simiyu,1
Mwandoya,Health Centre,Public,Simiyu,0
Mbugayabanhya,Dispensary,Public,Simiyu,0
Mwamanongu,Dispensary,Public,Simiyu,0
Mwandu Itinje,Dispensary,Public,Simiyu,0
Mwamatiga,Dispensary,Public,Simiyu,0
Mwabagimu,Dispensary,Public,Simiyu,0
Lingeka,Dispensary,Public,Simiyu,0
Bukundi ,Health Centre,Public,Simiyu,0
Mwabalebi,Dispensary,Public,Simiyu,0
Paji,Dispensary,Public,Simiyu,0
Mwambiti,Dispensary,Public,Simiyu,0
Kisesa,Dispensary,Public,Simiyu,0
Mwabuma,Dispensary,Public,Simiyu,0
Mwamanimba,Dispensary,Public,Simiyu,0
Mwashata,Dispensary,Public,Simiyu,0
Mwamishali,Dispensary,Public,Simiyu,0
Isengwa,Dispensary,Public,Simiyu,0
Nyanza,Dispensary,Public,Simiyu,0
Mwabulutago ,Dispensary,Public,Simiyu,0
Mwanjolo,Dispensary,Public,Simiyu,0
Mwabagalu,Dispensary,Public,Simiyu,0
Bulyashi,Dispensary,Public,Simiyu,0
Mwabusalu,Dispensary,Public,Simiyu,0
Makao,Dispensary,Public,Simiyu,0
Mwageni,Dispensary,Public,Simiyu,0
Chambala,Dispensary,Public,Simiyu,0
Ng'hoboko,Dispensary,Public,Simiyu,0
Mwamanoni,Dispensary,Public,Simiyu,0
Lubiga,Dispensary,Public,Simiyu,0
Longalonhiga,Dispensary,Public,Simiyu,0
Semu,Dispensary,Public,Simiyu,0
Mwamalole,Dispensary,Public,Simiyu,0
Nkoma.,Dispensary,Public,Simiyu,0
Mwakipopo,Dispensary,Public,Simiyu,0
Jinamo,Dispensary,Public,Simiyu,0
Mbalagane,Dispensary,Public,Simiyu,0
Minyanda,Dispensary,Public,Simiyu,0
Mwangikulu,Dispensary,Public,Simiyu,0
Mbushi,Dispensary,Public,Simiyu,0
Mwakaluba,Dispensary,Public,Simiyu,0
Sungu,Dispensary,Public,Simiyu,0
Ikindilo Health Center,Health Centre,Public,Simiyu,0
Zagayu Health Center,Health Centre,Public,Simiyu,0